repo,ref,resolved_ref,last_modified,kind,test_id,success,path,timestamp,run_id,repo2docker_version
https://github.com/fm75/sous-vide-temperature-study,0a64d551a67ae2ce68b5420b6eadb15da0213bf5,0a64d55,2017-08-26T13:31:23-04:00,build,build,True,github.com/fm75/sous-vide-temperature-study/logs/build-0a64d551a67ae2ce68b5420b6eadb15da0213bf5-2020-07-13T12.13.txt,2020-07-13T12:13:46.324814,2020-07-13T12.13,0.11.0
https://github.com/fm75/sous-vide-temperature-study,0a64d551a67ae2ce68b5420b6eadb15da0213bf5,0a64d55,2017-08-26T13:31:23-04:00,notebook,AnalyseGraphically-matplotlib.ipynb,False,github.com/fm75/sous-vide-temperature-study/logs/test-notebook-AnalyseGraphically-matplotlib.ipynb-2020-07-13T12.13.txt,2020-07-13T12:13:46.324814,2020-07-13T12.13,0.11.0
https://github.com/fm75/sous-vide-temperature-study,0a64d551a67ae2ce68b5420b6eadb15da0213bf5,0a64d55,2017-08-26T13:31:23-04:00,notebook,AnalyseGraphically-bqplot.ipynb,False,github.com/fm75/sous-vide-temperature-study/logs/test-notebook-AnalyseGraphically-bqplot.ipynb-2020-07-13T12.13.txt,2020-07-13T12:13:46.324814,2020-07-13T12.13,0.11.0
https://github.com/fm75/sous-vide-temperature-study,0a64d551a67ae2ce68b5420b6eadb15da0213bf5,0a64d55,2017-08-26T13:31:23-04:00,notebook,DataWrangling.ipynb,False,github.com/fm75/sous-vide-temperature-study/logs/test-notebook-DataWrangling.ipynb-2020-07-13T12.13.txt,2020-07-13T12:13:46.324814,2020-07-13T12.13,0.11.0
