repo,ref,resolved_ref,last_modified,kind,test_id,success,path,timestamp,run_id,repo2docker_version
https://github.com/himanshubhandoh/cs231n,c3deb2b80a03f0f0c7e82e577a85e7b930c16485,c3deb2b,2018-05-25T06:48:14+00:00,build,build,True,github.com/himanshubhandoh/cs231n/logs/build-c3deb2b80a03f0f0c7e82e577a85e7b930c16485-2020-07-13T08.03.txt,2020-07-13T08:03:11.809357,2020-07-13T08.03,0.11.0
https://github.com/himanshubhandoh/cs231n,c3deb2b80a03f0f0c7e82e577a85e7b930c16485,c3deb2b,2018-05-25T06:48:14+00:00,notebook,assignment2/Dropout.ipynb,False,github.com/himanshubhandoh/cs231n/logs/test-notebook-assignment2-Dropout.ipynb-2020-07-13T08.03.txt,2020-07-13T08:03:11.809357,2020-07-13T08.03,0.11.0
https://github.com/himanshubhandoh/cs231n,c3deb2b80a03f0f0c7e82e577a85e7b930c16485,c3deb2b,2018-05-25T06:48:14+00:00,notebook,assignment2/PyTorch.ipynb,False,github.com/himanshubhandoh/cs231n/logs/test-notebook-assignment2-PyTorch.ipynb-2020-07-13T08.03.txt,2020-07-13T08:03:11.809357,2020-07-13T08.03,0.11.0
https://github.com/himanshubhandoh/cs231n,c3deb2b80a03f0f0c7e82e577a85e7b930c16485,c3deb2b,2018-05-25T06:48:14+00:00,notebook,assignment2/TensorFlow.ipynb,False,github.com/himanshubhandoh/cs231n/logs/test-notebook-assignment2-TensorFlow.ipynb-2020-07-13T08.03.txt,2020-07-13T08:03:11.809357,2020-07-13T08.03,0.11.0
https://github.com/himanshubhandoh/cs231n,c3deb2b80a03f0f0c7e82e577a85e7b930c16485,c3deb2b,2018-05-25T06:48:14+00:00,notebook,assignment2/BatchNormalization.ipynb,False,github.com/himanshubhandoh/cs231n/logs/test-notebook-assignment2-BatchNormalization.ipynb-2020-07-13T08.03.txt,2020-07-13T08:03:11.809357,2020-07-13T08.03,0.11.0
https://github.com/himanshubhandoh/cs231n,c3deb2b80a03f0f0c7e82e577a85e7b930c16485,c3deb2b,2018-05-25T06:48:14+00:00,notebook,assignment2/FullyConnectedNets.ipynb,False,github.com/himanshubhandoh/cs231n/logs/test-notebook-assignment2-FullyConnectedNets.ipynb-2020-07-13T08.03.txt,2020-07-13T08:03:11.809357,2020-07-13T08.03,0.11.0
