repo,ref,resolved_ref,last_modified,kind,test_id,success,path,timestamp,run_id,repo2docker_version
https://github.com/irfannurafif/openml-keras,master,f5a6f7b,2018-05-16T12:48:30+02:00,build,build,True,github.com/irfannurafif/openml-keras/logs/build-master-2020-07-17T08.02.txt,2020-07-17T08:02:54.707575,2020-07-17T08.02,0.11.0
https://github.com/irfannurafif/openml-keras,master,f5a6f7b,2018-05-16T12:48:30+02:00,notebook,Untitled.ipynb,False,github.com/irfannurafif/openml-keras/logs/test-notebook-Untitled.ipynb-2020-07-17T08.02.txt,2020-07-17T08:02:54.707575,2020-07-17T08.02,0.11.0
https://github.com/irfannurafif/openml-keras,master,f5a6f7b,2018-05-16T12:48:30+02:00,notebook,Experiment.ipynb,False,github.com/irfannurafif/openml-keras/logs/test-notebook-Experiment.ipynb-2020-07-17T08.02.txt,2020-07-17T08:02:54.707575,2020-07-17T08.02,0.11.0
https://github.com/irfannurafif/openml-keras,master,f5a6f7b,2018-05-16T12:48:30+02:00,notebook,ngetes.ipynb,False,github.com/irfannurafif/openml-keras/logs/test-notebook-ngetes.ipynb-2020-07-17T08.02.txt,2020-07-17T08:02:54.707575,2020-07-17T08.02,0.11.0
https://github.com/irfannurafif/openml-keras,master,f5a6f7b,2018-05-16T12:48:30+02:00,notebook,SVHN.ipynb,False,github.com/irfannurafif/openml-keras/logs/test-notebook-SVHN.ipynb-2020-07-17T08.02.txt,2020-07-17T08:02:54.707575,2020-07-17T08.02,0.11.0
https://github.com/irfannurafif/openml-keras,master,f5a6f7b,2018-05-16T12:48:30+02:00,notebook,Dataset Conversion.ipynb,False,github.com/irfannurafif/openml-keras/logs/test-notebook-Dataset Conversion.ipynb-2020-07-17T08.02.txt,2020-07-17T08:02:54.707575,2020-07-17T08.02,0.11.0
