repo,ref,resolved_ref,last_modified,kind,test_id,success,path,timestamp,run_id,repo2docker_version
https://github.com/okdolly/AI-projects,d32f6437b8cd45ec3cf80edd9906e6940b10bb9b,d32f643,2018-06-13T14:28:23-07:00,build,build,True,github.com/okdolly/AI-projects/logs/build-d32f6437b8cd45ec3cf80edd9906e6940b10bb9b-2020-07-12T15.50.txt,2020-07-12T15:50:47.779780,2020-07-12T15.50,0.11.0
https://github.com/okdolly/AI-projects,d32f6437b8cd45ec3cf80edd9906e6940b10bb9b,d32f643,2018-06-13T14:28:23-07:00,notebook,computer_vision/dog_cat_classification/kera official doc.ipynb,False,github.com/okdolly/AI-projects/logs/test-notebook-computer_vision-dog_cat_classification-kera official doc.ipynb-2020-07-12T15.50.txt,2020-07-12T15:50:47.779780,2020-07-12T15.50,0.11.0
https://github.com/okdolly/AI-projects,d32f6437b8cd45ec3cf80edd9906e6940b10bb9b,d32f643,2018-06-13T14:28:23-07:00,notebook,computer_vision/dog_cat_classification/Convolution+model+-+Application+-+v1.ipynb,False,github.com/okdolly/AI-projects/logs/test-notebook-computer_vision-dog_cat_classification-Convolution+model+-+Application+-+v1.ipynb-2020-07-12T15.50.txt,2020-07-12T15:50:47.779780,2020-07-12T15.50,0.11.0
https://github.com/okdolly/AI-projects,d32f6437b8cd45ec3cf80edd9906e6940b10bb9b,d32f643,2018-06-13T14:28:23-07:00,notebook,computer_vision/dog_cat_classification/Keras playground.ipynb,False,github.com/okdolly/AI-projects/logs/test-notebook-computer_vision-dog_cat_classification-Keras playground.ipynb-2020-07-12T15.50.txt,2020-07-12T15:50:47.779780,2020-07-12T15.50,0.11.0
https://github.com/okdolly/AI-projects,d32f6437b8cd45ec3cf80edd9906e6940b10bb9b,d32f643,2018-06-13T14:28:23-07:00,notebook,computer_vision/dog_cat_classification/.ipynb_checkpoints/Keras playground-checkpoint.ipynb,True,github.com/okdolly/AI-projects/logs/test-notebook-computer_vision-dog_cat_classification-.ipynb_checkpoints-Keras playground-checkpoint.ipynb-2020-07-12T15.50.txt,2020-07-12T15:50:47.779780,2020-07-12T15.50,0.11.0
https://github.com/okdolly/AI-projects,d32f6437b8cd45ec3cf80edd9906e6940b10bb9b,d32f643,2018-06-13T14:28:23-07:00,notebook,computer_vision/dog_cat_classification/.ipynb_checkpoints/kera official doc-checkpoint.ipynb,False,github.com/okdolly/AI-projects/logs/test-notebook-computer_vision-dog_cat_classification-.ipynb_checkpoints-kera official doc-checkpoint.ipynb-2020-07-12T15.50.txt,2020-07-12T15:50:47.779780,2020-07-12T15.50,0.11.0
