repo,ref,resolved_ref,last_modified,kind,test_id,success,path,timestamp,run_id,repo2docker_version
https://github.com/skasim/km_ml_tutorial,e59d2ba65fd3c9704375c9995f91e91a0689a2c3,e59d2ba,2016-02-28T14:33:41-05:00,build,build,True,github.com/skasim/km_ml_tutorial/logs/build-e59d2ba65fd3c9704375c9995f91e91a0689a2c3-2020-07-13T10.06.txt,2020-07-13T10:06:19.206715,2020-07-13T10.06,0.11.0
https://github.com/skasim/km_ml_tutorial,e59d2ba65fd3c9704375c9995f91e91a0689a2c3,e59d2ba,2016-02-28T14:33:41-05:00,notebook,07_cross_validation.ipynb,False,github.com/skasim/km_ml_tutorial/logs/test-notebook-07_cross_validation.ipynb-2020-07-13T10.06.txt,2020-07-13T10:06:19.206715,2020-07-13T10.06,0.11.0
https://github.com/skasim/km_ml_tutorial,e59d2ba65fd3c9704375c9995f91e91a0689a2c3,e59d2ba,2016-02-28T14:33:41-05:00,notebook,04_model_training.ipynb,False,github.com/skasim/km_ml_tutorial/logs/test-notebook-04_model_training.ipynb-2020-07-13T10.06.txt,2020-07-13T10:06:19.206715,2020-07-13T10.06,0.11.0
https://github.com/skasim/km_ml_tutorial,e59d2ba65fd3c9704375c9995f91e91a0689a2c3,e59d2ba,2016-02-28T14:33:41-05:00,notebook,06_linear_regression.ipynb,False,github.com/skasim/km_ml_tutorial/logs/test-notebook-06_linear_regression.ipynb-2020-07-13T10.06.txt,2020-07-13T10:06:19.206715,2020-07-13T10.06,0.11.0
https://github.com/skasim/km_ml_tutorial,e59d2ba65fd3c9704375c9995f91e91a0689a2c3,e59d2ba,2016-02-28T14:33:41-05:00,notebook,02_machine_learning_setup.ipynb,True,github.com/skasim/km_ml_tutorial/logs/test-notebook-02_machine_learning_setup.ipynb-2020-07-13T10.06.txt,2020-07-13T10:06:19.206715,2020-07-13T10.06,0.11.0
https://github.com/skasim/km_ml_tutorial,e59d2ba65fd3c9704375c9995f91e91a0689a2c3,e59d2ba,2016-02-28T14:33:41-05:00,notebook,05_model_evaluation.ipynb,False,github.com/skasim/km_ml_tutorial/logs/test-notebook-05_model_evaluation.ipynb-2020-07-13T10.06.txt,2020-07-13T10:06:19.206715,2020-07-13T10.06,0.11.0
