repo,ref,resolved_ref,last_modified,kind,test_id,success,path,timestamp,run_id,repo2docker_version
https://github.com/dhungle/CS231n-2018Spring,4c802a945df4ecec4acbe74bba30c311058653b4,4c802a9,2018-06-04T17:27:49+02:00,build,build,True,github.com/dhungle/CS231n-2018Spring/logs/build-4c802a945df4ecec4acbe74bba30c311058653b4-2020-07-13T07.16.txt,2020-07-13T07:16:55.582603,2020-07-13T07.16,0.11.0
https://github.com/dhungle/CS231n-2018Spring,4c802a945df4ecec4acbe74bba30c311058653b4,4c802a9,2018-06-04T17:27:49+02:00,notebook,assignment2/Dropout.ipynb,False,github.com/dhungle/CS231n-2018Spring/logs/test-notebook-assignment2-Dropout.ipynb-2020-07-13T07.16.txt,2020-07-13T07:16:55.582603,2020-07-13T07.16,0.11.0
https://github.com/dhungle/CS231n-2018Spring,4c802a945df4ecec4acbe74bba30c311058653b4,4c802a9,2018-06-04T17:27:49+02:00,notebook,assignment2/PyTorch.ipynb,False,github.com/dhungle/CS231n-2018Spring/logs/test-notebook-assignment2-PyTorch.ipynb-2020-07-13T07.16.txt,2020-07-13T07:16:55.582603,2020-07-13T07.16,0.11.0
https://github.com/dhungle/CS231n-2018Spring,4c802a945df4ecec4acbe74bba30c311058653b4,4c802a9,2018-06-04T17:27:49+02:00,notebook,assignment2/TensorFlow.ipynb,False,github.com/dhungle/CS231n-2018Spring/logs/test-notebook-assignment2-TensorFlow.ipynb-2020-07-13T07.16.txt,2020-07-13T07:16:55.582603,2020-07-13T07.16,0.11.0
https://github.com/dhungle/CS231n-2018Spring,4c802a945df4ecec4acbe74bba30c311058653b4,4c802a9,2018-06-04T17:27:49+02:00,notebook,assignment2/BatchNormalization.ipynb,False,github.com/dhungle/CS231n-2018Spring/logs/test-notebook-assignment2-BatchNormalization.ipynb-2020-07-13T07.16.txt,2020-07-13T07:16:55.582603,2020-07-13T07.16,0.11.0
https://github.com/dhungle/CS231n-2018Spring,4c802a945df4ecec4acbe74bba30c311058653b4,4c802a9,2018-06-04T17:27:49+02:00,notebook,assignment2/FullyConnectedNets.ipynb,False,github.com/dhungle/CS231n-2018Spring/logs/test-notebook-assignment2-FullyConnectedNets.ipynb-2020-07-13T07.16.txt,2020-07-13T07:16:55.582603,2020-07-13T07.16,0.11.0
