repo,ref,resolved_ref,last_modified,kind,test_id,success,path,timestamp,run_id,repo2docker_version
https://github.com/linlinxiaostudent/DeepLearning_AE,9e5d9c96270ddff3d377f25e7cd46fe15ee23c26,9e5d9c9,2018-04-13T21:08:10+08:00,build,build,True,github.com/linlinxiaostudent/DeepLearning_AE/logs/build-9e5d9c96270ddff3d377f25e7cd46fe15ee23c26-2020-07-12T19.17.txt,2020-07-12T19:17:44.086619,2020-07-12T19.17,0.11.0
https://github.com/linlinxiaostudent/DeepLearning_AE,9e5d9c96270ddff3d377f25e7cd46fe15ee23c26,9e5d9c9,2018-04-13T21:08:10+08:00,notebook,jupyter notebook/LDA_example2.ipynb,False,github.com/linlinxiaostudent/DeepLearning_AE/logs/test-notebook-jupyter notebook-LDA_example2.ipynb-2020-07-12T19.17.txt,2020-07-12T19:17:44.086619,2020-07-12T19.17,0.11.0
https://github.com/linlinxiaostudent/DeepLearning_AE,9e5d9c96270ddff3d377f25e7cd46fe15ee23c26,9e5d9c9,2018-04-13T21:08:10+08:00,notebook,jupyter notebook/imal02-1.ipynb,False,github.com/linlinxiaostudent/DeepLearning_AE/logs/test-notebook-jupyter notebook-imal02-1.ipynb-2020-07-12T19.17.txt,2020-07-12T19:17:44.086619,2020-07-12T19.17,0.11.0
https://github.com/linlinxiaostudent/DeepLearning_AE,9e5d9c96270ddff3d377f25e7cd46fe15ee23c26,9e5d9c9,2018-04-13T21:08:10+08:00,notebook,jupyter notebook/Untitled.ipynb,False,github.com/linlinxiaostudent/DeepLearning_AE/logs/test-notebook-jupyter notebook-Untitled.ipynb-2020-07-12T19.17.txt,2020-07-12T19:17:44.086619,2020-07-12T19.17,0.11.0
https://github.com/linlinxiaostudent/DeepLearning_AE,9e5d9c96270ddff3d377f25e7cd46fe15ee23c26,9e5d9c9,2018-04-13T21:08:10+08:00,notebook,jupyter notebook/字符串和文本.ipynb,False,github.com/linlinxiaostudent/DeepLearning_AE/logs/test-notebook-jupyter notebook-字符串和文本.ipynb-2020-07-12T19.17.txt,2020-07-12T19:17:44.086619,2020-07-12T19.17,0.11.0
https://github.com/linlinxiaostudent/DeepLearning_AE,9e5d9c96270ddff3d377f25e7cd46fe15ee23c26,9e5d9c9,2018-04-13T21:08:10+08:00,notebook,jupyter notebook/python logging.ipynb,True,github.com/linlinxiaostudent/DeepLearning_AE/logs/test-notebook-jupyter notebook-python logging.ipynb-2020-07-12T19.17.txt,2020-07-12T19:17:44.086619,2020-07-12T19.17,0.11.0
