repo,ref,resolved_ref,last_modified,kind,test_id,success,path,timestamp,run_id,repo2docker_version
https://github.com/qinduanyinghua/cs231n_sol,35754f3e77f812b376f143e29009fe2fcd81d853,35754f3,2018-04-14T00:40:25+08:00,build,build,True,github.com/qinduanyinghua/cs231n_sol/logs/build-35754f3e77f812b376f143e29009fe2fcd81d853-2020-07-13T08.30.txt,2020-07-13T08:30:03.168376,2020-07-13T08.30,0.11.0
https://github.com/qinduanyinghua/cs231n_sol,35754f3e77f812b376f143e29009fe2fcd81d853,35754f3,2018-04-14T00:40:25+08:00,notebook,assignment2/cifar10_mxnet.ipynb,False,github.com/qinduanyinghua/cs231n_sol/logs/test-notebook-assignment2-cifar10_mxnet.ipynb-2020-07-13T08.30.txt,2020-07-13T08:30:03.168376,2020-07-13T08.30,0.11.0
https://github.com/qinduanyinghua/cs231n_sol,35754f3e77f812b376f143e29009fe2fcd81d853,35754f3,2018-04-14T00:40:25+08:00,notebook,assignment2/Dropout.ipynb,False,github.com/qinduanyinghua/cs231n_sol/logs/test-notebook-assignment2-Dropout.ipynb-2020-07-13T08.30.txt,2020-07-13T08:30:03.168376,2020-07-13T08.30,0.11.0
https://github.com/qinduanyinghua/cs231n_sol,35754f3e77f812b376f143e29009fe2fcd81d853,35754f3,2018-04-14T00:40:25+08:00,notebook,assignment2/BatchNormalization.ipynb,False,github.com/qinduanyinghua/cs231n_sol/logs/test-notebook-assignment2-BatchNormalization.ipynb-2020-07-13T08.30.txt,2020-07-13T08:30:03.168376,2020-07-13T08.30,0.11.0
https://github.com/qinduanyinghua/cs231n_sol,35754f3e77f812b376f143e29009fe2fcd81d853,35754f3,2018-04-14T00:40:25+08:00,notebook,assignment2/FullyConnectedNets.ipynb,False,github.com/qinduanyinghua/cs231n_sol/logs/test-notebook-assignment2-FullyConnectedNets.ipynb-2020-07-13T08.30.txt,2020-07-13T08:30:03.168376,2020-07-13T08.30,0.11.0
https://github.com/qinduanyinghua/cs231n_sol,35754f3e77f812b376f143e29009fe2fcd81d853,35754f3,2018-04-14T00:40:25+08:00,notebook,assignment2/ConvolutionalNetworks.ipynb,False,github.com/qinduanyinghua/cs231n_sol/logs/test-notebook-assignment2-ConvolutionalNetworks.ipynb-2020-07-13T08.30.txt,2020-07-13T08:30:03.168376,2020-07-13T08.30,0.11.0
