repo,ref,resolved_ref,last_modified,kind,test_id,success,path,timestamp,run_id,repo2docker_version
https://github.com/MahanFathi/CS231,master,8eec021,2018-07-20T16:38:51+04:30,build,build,True,github.com/MahanFathi/CS231/logs/build-master-2020-07-16T07.52.txt,2020-07-16T07:52:04.904375,2020-07-16T07.52,0.11.0
https://github.com/MahanFathi/CS231,master,8eec021,2018-07-20T16:38:51+04:30,notebook,assignment2/Dropout.ipynb,False,github.com/MahanFathi/CS231/logs/test-notebook-assignment2-Dropout.ipynb-2020-07-16T07.52.txt,2020-07-16T07:52:04.904375,2020-07-16T07.52,0.11.0
https://github.com/MahanFathi/CS231,master,8eec021,2018-07-20T16:38:51+04:30,notebook,assignment2/PyTorch.ipynb,False,github.com/MahanFathi/CS231/logs/test-notebook-assignment2-PyTorch.ipynb-2020-07-16T07.52.txt,2020-07-16T07:52:04.904375,2020-07-16T07.52,0.11.0
https://github.com/MahanFathi/CS231,master,8eec021,2018-07-20T16:38:51+04:30,notebook,assignment2/TensorFlow.ipynb,False,github.com/MahanFathi/CS231/logs/test-notebook-assignment2-TensorFlow.ipynb-2020-07-16T07.52.txt,2020-07-16T07:52:04.904375,2020-07-16T07.52,0.11.0
https://github.com/MahanFathi/CS231,master,8eec021,2018-07-20T16:38:51+04:30,notebook,assignment2/BatchNormalization.ipynb,False,github.com/MahanFathi/CS231/logs/test-notebook-assignment2-BatchNormalization.ipynb-2020-07-16T07.52.txt,2020-07-16T07:52:04.904375,2020-07-16T07.52,0.11.0
https://github.com/MahanFathi/CS231,master,8eec021,2018-07-20T16:38:51+04:30,notebook,assignment2/FullyConnectedNets.ipynb,False,github.com/MahanFathi/CS231/logs/test-notebook-assignment2-FullyConnectedNets.ipynb-2020-07-16T07.52.txt,2020-07-16T07:52:04.904375,2020-07-16T07.52,0.11.0
