repo,ref,resolved_ref,last_modified,kind,test_id,success,path,timestamp,run_id,repo2docker_version
https://github.com/Hannorein/rebound,master,2ad7ec5,2020-07-01T13:08:18-04:00,build,build,True,github.com/Hannorein/rebound/logs/build-master-2020-07-06T09.50.txt,2020-07-06T09:50:29.050136,2020-07-06T09.50,0.11.0
https://github.com/Hannorein/rebound,master,2ad7ec5,2020-07-01T13:08:18-04:00,notebook,ipython_examples/WebGLVisualization.ipynb,True,github.com/Hannorein/rebound/logs/test-notebook-ipython_examples-WebGLVisualization.ipynb-2020-07-06T09.50.txt,2020-07-06T09:50:29.050136,2020-07-06T09.50,0.11.0
https://github.com/Hannorein/rebound,master,2ad7ec5,2020-07-01T13:08:18-04:00,notebook,ipython_examples/AdvWHFast.ipynb,True,github.com/Hannorein/rebound/logs/test-notebook-ipython_examples-AdvWHFast.ipynb-2020-07-06T09.50.txt,2020-07-06T09:50:29.050136,2020-07-06T09.50,0.11.0
https://github.com/Hannorein/rebound,master,2ad7ec5,2020-07-01T13:08:18-04:00,notebook,ipython_examples/Churyumov-Gerasimenko.ipynb,True,github.com/Hannorein/rebound/logs/test-notebook-ipython_examples-Churyumov-Gerasimenko.ipynb-2020-07-06T09.50.txt,2020-07-06T09:50:29.050136,2020-07-06T09.50,0.11.0
https://github.com/Hannorein/rebound,master,2ad7ec5,2020-07-01T13:08:18-04:00,notebook,ipython_examples/HighOrderSymplectic.ipynb,True,github.com/Hannorein/rebound/logs/test-notebook-ipython_examples-HighOrderSymplectic.ipynb-2020-07-06T09.50.txt,2020-07-06T09:50:29.050136,2020-07-06T09.50,0.11.0
https://github.com/Hannorein/rebound,master,2ad7ec5,2020-07-01T13:08:18-04:00,notebook,ipython_examples/Megno.ipynb,False,github.com/Hannorein/rebound/logs/test-notebook-ipython_examples-Megno.ipynb-2020-07-06T09.50.txt,2020-07-06T09:50:29.050136,2020-07-06T09.50,0.11.0
