repo,ref,resolved_ref,last_modified,kind,test_id,success,path,timestamp,run_id,repo2docker_version
https://github.com/Tomopy/tomopy,master,a61a0da,2020-07-02T12:54:00-05:00,build,build,True,github.com/Tomopy/tomopy/logs/build-master-2020-07-06T09.40.txt,2020-07-06T09:40:51.173105,2020-07-06T09.40,0.11.0
https://github.com/Tomopy/tomopy,master,a61a0da,2020-07-02T12:54:00-05:00,notebook,doc/demo/vectorrec_disk.ipynb,False,github.com/Tomopy/tomopy/logs/test-notebook-doc-demo-vectorrec_disk.ipynb-2020-07-06T09.40.txt,2020-07-06T09:40:51.173105,2020-07-06T09.40,0.11.0
https://github.com/Tomopy/tomopy,master,a61a0da,2020-07-02T12:54:00-05:00,notebook,doc/demo/vector_heterostructure.ipynb,False,github.com/Tomopy/tomopy/logs/test-notebook-doc-demo-vector_heterostructure.ipynb-2020-07-06T09.40.txt,2020-07-06T09:40:51.173105,2020-07-06T09.40,0.11.0
https://github.com/Tomopy/tomopy,master,a61a0da,2020-07-02T12:54:00-05:00,notebook,doc/demo/vectorrec_1.ipynb,False,github.com/Tomopy/tomopy/logs/test-notebook-doc-demo-vectorrec_1.ipynb-2020-07-06T09.40.txt,2020-07-06T09:40:51.173105,2020-07-06T09.40,0.11.0
https://github.com/Tomopy/tomopy,master,a61a0da,2020-07-02T12:54:00-05:00,notebook,doc/source/ipynb/lprec.ipynb,False,github.com/Tomopy/tomopy/logs/test-notebook-doc-source-ipynb-lprec.ipynb-2020-07-06T09.40.txt,2020-07-06T09:40:51.173105,2020-07-06T09.40,0.11.0
https://github.com/Tomopy/tomopy,master,a61a0da,2020-07-02T12:54:00-05:00,notebook,doc/source/ipynb/astra.ipynb,False,github.com/Tomopy/tomopy/logs/test-notebook-doc-source-ipynb-astra.ipynb-2020-07-06T09.40.txt,2020-07-06T09:40:51.173105,2020-07-06T09.40,0.11.0
