repo,ref,resolved_ref,last_modified,kind,test_id,success,path,timestamp,run_id,repo2docker_version
https://github.com/colombiaendatos/datos,9f66927d2cb5114c2192a130dad24a209e9438c5,9f66927,2017-09-11T16:37:12-05:00,build,build,True,github.com/colombiaendatos/datos/logs/build-9f66927d2cb5114c2192a130dad24a209e9438c5-2020-07-13T10.57.txt,2020-07-13T10:57:03.929361,2020-07-13T10.57,0.11.0
https://github.com/colombiaendatos/datos,9f66927d2cb5114c2192a130dad24a209e9438c5,9f66927,2017-09-11T16:37:12-05:00,notebook,GIS/viz_2.ipynb,False,github.com/colombiaendatos/datos/logs/test-notebook-GIS-viz_2.ipynb-2020-07-13T10.57.txt,2020-07-13T10:57:03.929361,2020-07-13T10.57,0.11.0
https://github.com/colombiaendatos/datos,9f66927d2cb5114c2192a130dad24a209e9438c5,9f66927,2017-09-11T16:37:12-05:00,notebook,GIS/viz_3.ipynb,False,github.com/colombiaendatos/datos/logs/test-notebook-GIS-viz_3.ipynb-2020-07-13T10.57.txt,2020-07-13T10:57:03.929361,2020-07-13T10.57,0.11.0
https://github.com/colombiaendatos/datos,9f66927d2cb5114c2192a130dad24a209e9438c5,9f66927,2017-09-11T16:37:12-05:00,notebook,GIS/viz_1.ipynb,False,github.com/colombiaendatos/datos/logs/test-notebook-GIS-viz_1.ipynb-2020-07-13T10.57.txt,2020-07-13T10:57:03.929361,2020-07-13T10.57,0.11.0
https://github.com/colombiaendatos/datos,9f66927d2cb5114c2192a130dad24a209e9438c5,9f66927,2017-09-11T16:37:12-05:00,notebook,GIS/example.ipynb,False,github.com/colombiaendatos/datos/logs/test-notebook-GIS-example.ipynb-2020-07-13T10.57.txt,2020-07-13T10:57:03.929361,2020-07-13T10.57,0.11.0
https://github.com/colombiaendatos/datos,9f66927d2cb5114c2192a130dad24a209e9438c5,9f66927,2017-09-11T16:37:12-05:00,notebook,GIS/.ipynb_checkpoints/example-checkpoint.ipynb,False,github.com/colombiaendatos/datos/logs/test-notebook-GIS-.ipynb_checkpoints-example-checkpoint.ipynb-2020-07-13T10.57.txt,2020-07-13T10:57:03.929361,2020-07-13T10.57,0.11.0
