repo,ref,resolved_ref,last_modified,kind,test_id,success,path,timestamp,run_id,repo2docker_version
https://github.com/karthikmswamy/Keras_In_TensorFlow,master,2808ae6,2017-07-22T09:40:05+08:00,build,build,True,github.com/karthikmswamy/Keras_In_TensorFlow/logs/build-master-2020-07-16T12.29.txt,2020-07-16T12:29:53.453590,2020-07-16T12.29,0.11.0
https://github.com/karthikmswamy/Keras_In_TensorFlow,master,2808ae6,2017-07-22T09:40:05+08:00,notebook,image_classify_inception_keras.ipynb,False,github.com/karthikmswamy/Keras_In_TensorFlow/logs/test-notebook-image_classify_inception_keras.ipynb-2020-07-16T12.29.txt,2020-07-16T12:29:53.453590,2020-07-16T12.29,0.11.0
https://github.com/karthikmswamy/Keras_In_TensorFlow,master,2808ae6,2017-07-22T09:40:05+08:00,notebook,text_classification_keras.ipynb,False,github.com/karthikmswamy/Keras_In_TensorFlow/logs/test-notebook-text_classification_keras.ipynb-2020-07-16T12.29.txt,2020-07-16T12:29:53.453590,2020-07-16T12.29,0.11.0
https://github.com/karthikmswamy/Keras_In_TensorFlow,master,2808ae6,2017-07-22T09:40:05+08:00,notebook,Yoda_Generator.ipynb,False,github.com/karthikmswamy/Keras_In_TensorFlow/logs/test-notebook-Yoda_Generator.ipynb-2020-07-16T12.29.txt,2020-07-16T12:29:53.453590,2020-07-16T12.29,0.11.0
https://github.com/karthikmswamy/Keras_In_TensorFlow,master,2808ae6,2017-07-22T09:40:05+08:00,notebook,image_classify_resnet_keras.ipynb,False,github.com/karthikmswamy/Keras_In_TensorFlow/logs/test-notebook-image_classify_resnet_keras.ipynb-2020-07-16T12.29.txt,2020-07-16T12:29:53.453590,2020-07-16T12.29,0.11.0
