repo,ref,resolved_ref,last_modified,kind,test_id,success,path,timestamp,run_id,repo2docker_version
https://github.com/stencila/examples,8d62462e76edd937ab562bd7f95d5718e0d90a69,8d62462,2019-10-11T04:36:00+00:00,build,build,True,github.com/stencila/examples/logs/build-8d62462e76edd937ab562bd7f95d5718e0d90a69-2020-07-10T07.11.txt,2020-07-10T07:11:47.981834,2020-07-10T07.11,0.11.0
https://github.com/stencila/examples,8d62462e76edd937ab562bd7f95d5718e0d90a69,8d62462,2019-10-11T04:36:00+00:00,notebook,intermine/tutorials/first-tutorial.ipynb,False,github.com/stencila/examples/logs/test-notebook-intermine-tutorials-first-tutorial.ipynb-2020-07-10T07.11.txt,2020-07-10T07:11:47.981834,2020-07-10T07.11,0.11.0
https://github.com/stencila/examples,8d62462e76edd937ab562bd7f95d5718e0d90a69,8d62462,2019-10-11T04:36:00+00:00,notebook,intermine/tutorials/second-tutorial.ipynb,False,github.com/stencila/examples/logs/test-notebook-intermine-tutorials-second-tutorial.ipynb-2020-07-10T07.11.txt,2020-07-10T07:11:47.981834,2020-07-10T07.11,0.11.0
https://github.com/stencila/examples,8d62462e76edd937ab562bd7f95d5718e0d90a69,8d62462,2019-10-11T04:36:00+00:00,notebook,jupyter/jupyter.ipynb,False,github.com/stencila/examples/logs/test-notebook-jupyter-jupyter.ipynb-2020-07-10T07.11.txt,2020-07-10T07:11:47.981834,2020-07-10T07.11,0.11.0
