repo,ref,resolved_ref,last_modified,kind,test_id,success,path,timestamp,run_id,repo2docker_version
https://github.com/nvejkan/Rullo_solver_CSP,2a6abcdc1da0836790610d53e38285bc57b70c56,2a6abcd,2018-05-16T22:27:25+07:00,build,build,True,github.com/nvejkan/Rullo_solver_CSP/logs/build-2a6abcdc1da0836790610d53e38285bc57b70c56-2020-07-12T16.27.txt,2020-07-12T16:27:21.305288,2020-07-12T16.27,0.11.0
https://github.com/nvejkan/Rullo_solver_CSP,2a6abcdc1da0836790610d53e38285bc57b70c56,2a6abcd,2018-05-16T22:27:25+07:00,notebook,logic.ipynb,False,github.com/nvejkan/Rullo_solver_CSP/logs/test-notebook-logic.ipynb-2020-07-12T16.27.txt,2020-07-12T16:27:21.305288,2020-07-12T16.27,0.11.0
https://github.com/nvejkan/Rullo_solver_CSP,2a6abcdc1da0836790610d53e38285bc57b70c56,2a6abcd,2018-05-16T22:27:25+07:00,notebook,games.ipynb,False,github.com/nvejkan/Rullo_solver_CSP/logs/test-notebook-games.ipynb-2020-07-12T16.27.txt,2020-07-12T16:27:21.305288,2020-07-12T16.27,0.11.0
https://github.com/nvejkan/Rullo_solver_CSP,2a6abcdc1da0836790610d53e38285bc57b70c56,2a6abcd,2018-05-16T22:27:25+07:00,notebook,knowledge.ipynb,False,github.com/nvejkan/Rullo_solver_CSP/logs/test-notebook-knowledge.ipynb-2020-07-12T16.27.txt,2020-07-12T16:27:21.305288,2020-07-12T16.27,0.11.0
https://github.com/nvejkan/Rullo_solver_CSP,2a6abcdc1da0836790610d53e38285bc57b70c56,2a6abcd,2018-05-16T22:27:25+07:00,notebook,csp.ipynb,False,github.com/nvejkan/Rullo_solver_CSP/logs/test-notebook-csp.ipynb-2020-07-12T16.27.txt,2020-07-12T16:27:21.305288,2020-07-12T16.27,0.11.0
https://github.com/nvejkan/Rullo_solver_CSP,2a6abcdc1da0836790610d53e38285bc57b70c56,2a6abcd,2018-05-16T22:27:25+07:00,notebook,learning.ipynb,False,github.com/nvejkan/Rullo_solver_CSP/logs/test-notebook-learning.ipynb-2020-07-12T16.27.txt,2020-07-12T16:27:21.305288,2020-07-12T16.27,0.11.0
