repo,ref,resolved_ref,last_modified,kind,test_id,success,path,timestamp,run_id,repo2docker_version
https://github.com/zzar43/CIECAM02,203a07ff71d8d3ab5ec959a1ec950319d83df1fa,203a07f,2017-05-06T00:42:09-06:00,build,build,True,github.com/zzar43/CIECAM02/logs/build-203a07ff71d8d3ab5ec959a1ec950319d83df1fa-2020-07-14T09.22.txt,2020-07-14T09:22:56.063468,2020-07-14T09.22,0.11.0
https://github.com/zzar43/CIECAM02,203a07ff71d8d3ab5ec959a1ec950319d83df1fa,203a07f,2017-05-06T00:42:09-06:00,notebook,draw_ball.ipynb,False,github.com/zzar43/CIECAM02/logs/test-notebook-draw_ball.ipynb-2020-07-14T09.22.txt,2020-07-14T09:22:56.063468,2020-07-14T09.22,0.11.0
https://github.com/zzar43/CIECAM02,203a07ff71d8d3ab5ec959a1ec950319d83df1fa,203a07f,2017-05-06T00:42:09-06:00,notebook,ANOVA.ipynb,False,github.com/zzar43/CIECAM02/logs/test-notebook-ANOVA.ipynb-2020-07-14T09.22.txt,2020-07-14T09:22:56.063468,2020-07-14T09.22,0.11.0
https://github.com/zzar43/CIECAM02,203a07ff71d8d3ab5ec959a1ec950319d83df1fa,203a07f,2017-05-06T00:42:09-06:00,notebook,CIECAM02.ipynb,False,github.com/zzar43/CIECAM02/logs/test-notebook-CIECAM02.ipynb-2020-07-14T09.22.txt,2020-07-14T09:22:56.063468,2020-07-14T09.22,0.11.0
