repo,ref,resolved_ref,last_modified,kind,test_id,success,path,timestamp,run_id,repo2docker_version
https://github.com/ricklupton/floweaver,master,f8cec93,2020-06-06T20:58:37+01:00,build,build,True,github.com/ricklupton/floweaver/logs/build-master-2020-07-03T10.39.txt,2020-07-03T10:39:55.767181,2020-07-03T10.39,0.11.0
https://github.com/ricklupton/floweaver,master,f8cec93,2020-06-06T20:58:37+01:00,notebook,docs/tutorials/index.ipynb,True,github.com/ricklupton/floweaver/logs/test-notebook-docs-tutorials-index.ipynb-2020-07-03T10.39.txt,2020-07-03T10:39:55.767181,2020-07-03T10.39,0.11.0
https://github.com/ricklupton/floweaver,master,f8cec93,2020-06-06T20:58:37+01:00,notebook,docs/tutorials/colour-scales.ipynb,True,github.com/ricklupton/floweaver/logs/test-notebook-docs-tutorials-colour-scales.ipynb-2020-07-03T10.39.txt,2020-07-03T10:39:55.767181,2020-07-03T10.39,0.11.0
https://github.com/ricklupton/floweaver,master,f8cec93,2020-06-06T20:58:37+01:00,notebook,docs/tutorials/dimension-tables.ipynb,True,github.com/ricklupton/floweaver/logs/test-notebook-docs-tutorials-dimension-tables.ipynb-2020-07-03T10.39.txt,2020-07-03T10:39:55.767181,2020-07-03T10.39,0.11.0
https://github.com/ricklupton/floweaver,master,f8cec93,2020-06-06T20:58:37+01:00,notebook,docs/tutorials/quickstart.ipynb,True,github.com/ricklupton/floweaver/logs/test-notebook-docs-tutorials-quickstart.ipynb-2020-07-03T10.39.txt,2020-07-03T10:39:55.767181,2020-07-03T10.39,0.11.0
https://github.com/ricklupton/floweaver,master,f8cec93,2020-06-06T20:58:37+01:00,notebook,docs/tutorials/system-boundary.ipynb,True,github.com/ricklupton/floweaver/logs/test-notebook-docs-tutorials-system-boundary.ipynb-2020-07-03T10.39.txt,2020-07-03T10:39:55.767181,2020-07-03T10.39,0.11.0
