repo,ref,resolved_ref,last_modified,kind,test_id,success,path,timestamp,run_id,repo2docker_version
https://github.com/huangy22/Data_Analysis_DiagMC,41bb0ae15d48cde4216d752e316d4a1c60c125d5,41bb0ae,2018-01-06T16:41:18-05:00,build,build,True,github.com/huangy22/Data_Analysis_DiagMC/logs/build-41bb0ae15d48cde4216d752e316d4a1c60c125d5-2020-07-13T12.37.txt,2020-07-13T12:37:34.580738,2020-07-13T12.37,0.11.0
https://github.com/huangy22/Data_Analysis_DiagMC,41bb0ae15d48cde4216d752e316d4a1c60c125d5,41bb0ae,2018-01-06T16:41:18-05:00,notebook,Triangular_Lattice.ipynb,False,github.com/huangy22/Data_Analysis_DiagMC/logs/test-notebook-Triangular_Lattice.ipynb-2020-07-13T12.37.txt,2020-07-13T12:37:34.580738,2020-07-13T12.37,0.11.0
https://github.com/huangy22/Data_Analysis_DiagMC,41bb0ae15d48cde4216d752e316d4a1c60c125d5,41bb0ae,2018-01-06T16:41:18-05:00,notebook,Two_Spins.ipynb,False,github.com/huangy22/Data_Analysis_DiagMC/logs/test-notebook-Two_Spins.ipynb-2020-07-13T12.37.txt,2020-07-13T12:37:34.580738,2020-07-13T12.37,0.11.0
https://github.com/huangy22/Data_Analysis_DiagMC,41bb0ae15d48cde4216d752e316d4a1c60c125d5,41bb0ae,2018-01-06T16:41:18-05:00,notebook,Square_Lattice.ipynb,False,github.com/huangy22/Data_Analysis_DiagMC/logs/test-notebook-Square_Lattice.ipynb-2020-07-13T12.37.txt,2020-07-13T12:37:34.580738,2020-07-13T12.37,0.11.0
https://github.com/huangy22/Data_Analysis_DiagMC,41bb0ae15d48cde4216d752e316d4a1c60c125d5,41bb0ae,2018-01-06T16:41:18-05:00,notebook,Basis.ipynb,False,github.com/huangy22/Data_Analysis_DiagMC/logs/test-notebook-Basis.ipynb-2020-07-13T12.37.txt,2020-07-13T12:37:34.580738,2020-07-13T12.37,0.11.0
https://github.com/huangy22/Data_Analysis_DiagMC,41bb0ae15d48cde4216d752e316d4a1c60c125d5,41bb0ae,2018-01-06T16:41:18-05:00,notebook,Cubic_With_h.ipynb,False,github.com/huangy22/Data_Analysis_DiagMC/logs/test-notebook-Cubic_With_h.ipynb-2020-07-13T12.37.txt,2020-07-13T12:37:34.580738,2020-07-13T12.37,0.11.0
