repo,ref,resolved_ref,last_modified,kind,test_id,success,path,timestamp,run_id,repo2docker_version
https://github.com/frenchie4111/dumbrain,86a6cf76a38e305d54a1231aebbf9d5bb534ce3f,86a6cf7,2018-06-09T15:30:08-07:00,build,build,True,github.com/frenchie4111/dumbrain/logs/build-86a6cf76a38e305d54a1231aebbf9d5bb534ce3f-2020-07-10T14.32.txt,2020-07-10T14:32:43.976403,2020-07-10T14.32,0.11.0
https://github.com/frenchie4111/dumbrain,86a6cf76a38e305d54a1231aebbf9d5bb534ce3f,86a6cf7,2018-06-09T15:30:08-07:00,notebook,dumbrain/rl/tictactoe-genetic/tictactoe.ipynb,False,github.com/frenchie4111/dumbrain/logs/test-notebook-dumbrain-rl-tictactoe-genetic-tictactoe.ipynb-2020-07-10T14.32.txt,2020-07-10T14:32:43.976403,2020-07-10T14.32,0.11.0
https://github.com/frenchie4111/dumbrain,86a6cf76a38e305d54a1231aebbf9d5bb534ce3f,86a6cf7,2018-06-09T15:30:08-07:00,notebook,dumbrain/rl/tictactoe-genetic/tictactoe_genetic_lib.ipynb,False,github.com/frenchie4111/dumbrain/logs/test-notebook-dumbrain-rl-tictactoe-genetic-tictactoe_genetic_lib.ipynb-2020-07-10T14.32.txt,2020-07-10T14:32:43.976403,2020-07-10T14.32,0.11.0
https://github.com/frenchie4111/dumbrain,86a6cf76a38e305d54a1231aebbf9d5bb534ce3f,86a6cf7,2018-06-09T15:30:08-07:00,notebook,dumbrain/rl/cartpole/Cartpole.ipynb,False,github.com/frenchie4111/dumbrain/logs/test-notebook-dumbrain-rl-cartpole-Cartpole.ipynb-2020-07-10T14.32.txt,2020-07-10T14:32:43.976403,2020-07-10T14.32,0.11.0
https://github.com/frenchie4111/dumbrain,86a6cf76a38e305d54a1231aebbf9d5bb534ce3f,86a6cf7,2018-06-09T15:30:08-07:00,notebook,dumbrain/rl/david_silver_rl_lectures/lecture_3_dynamic_programming/Lecture 3 - Planning by Dynamic Programming.ipynb,False,github.com/frenchie4111/dumbrain/logs/test-notebook-dumbrain-rl-david_silver_rl_lectures-lecture_3_dynamic_programming-Lecture 3 - Planning by Dynamic Programming.ipynb-2020-07-10T14.32.txt,2020-07-10T14:32:43.976403,2020-07-10T14.32,0.11.0
https://github.com/frenchie4111/dumbrain,86a6cf76a38e305d54a1231aebbf9d5bb534ce3f,86a6cf7,2018-06-09T15:30:08-07:00,notebook,dumbrain/rl/david_silver_rl_lectures/easy_21_exercise/Easy21 Excersize.ipynb,False,github.com/frenchie4111/dumbrain/logs/test-notebook-dumbrain-rl-david_silver_rl_lectures-easy_21_exercise-Easy21 Excersize.ipynb-2020-07-10T14.32.txt,2020-07-10T14:32:43.976403,2020-07-10T14.32,0.11.0
