repo,ref,resolved_ref,last_modified,kind,test_id,success,path,timestamp,run_id,repo2docker_version
https://github.com/natbusa/beautifulscience,master,b0c76c9,2017-07-31T13:58:32+02:00,build,build,True,github.com/natbusa/beautifulscience/logs/build-master-2020-07-16T09.48.txt,2020-07-16T09:48:13.984120,2020-07-16T09.48,0.11.0
https://github.com/natbusa/beautifulscience,master,b0c76c9,2017-07-31T13:58:32+02:00,notebook,gateway/docker/notebooks/autoscience.ipynb,False,github.com/natbusa/beautifulscience/logs/test-notebook-gateway-docker-notebooks-autoscience.ipynb-2020-07-16T09.48.txt,2020-07-16T09:48:13.984120,2020-07-16T09.48,0.11.0
https://github.com/natbusa/beautifulscience,master,b0c76c9,2017-07-31T13:58:32+02:00,notebook,gateway/docker/notebooks/Untitled.ipynb,False,github.com/natbusa/beautifulscience/logs/test-notebook-gateway-docker-notebooks-Untitled.ipynb-2020-07-16T09.48.txt,2020-07-16T09:48:13.984120,2020-07-16T09.48,0.11.0
https://github.com/natbusa/beautifulscience,master,b0c76c9,2017-07-31T13:58:32+02:00,notebook,gateway/docker/notebooks/autoscience_restapi_python.ipynb,True,github.com/natbusa/beautifulscience/logs/test-notebook-gateway-docker-notebooks-autoscience_restapi_python.ipynb-2020-07-16T09.48.txt,2020-07-16T09:48:13.984120,2020-07-16T09.48,0.11.0
