repo,ref,resolved_ref,last_modified,kind,test_id,success,path,timestamp,run_id,repo2docker_version
https://github.com/mwcraig/scipy2017-jupyter-widgets-tutorial,master,c6f0c41,2018-07-09T15:36:44-07:00,build,build,True,github.com/mwcraig/scipy2017-jupyter-widgets-tutorial/logs/build-master-2020-07-16T12.34.txt,2020-07-16T12:34:40.915102,2020-07-16T12.34,0.11.0
https://github.com/mwcraig/scipy2017-jupyter-widgets-tutorial,master,c6f0c41,2018-07-09T15:36:44-07:00,notebook,notebooks/10.02-pythreejs.ipynb,True,github.com/mwcraig/scipy2017-jupyter-widgets-tutorial/logs/test-notebook-notebooks-10.02-pythreejs.ipynb-2020-07-16T12.34.txt,2020-07-16T12:34:40.915102,2020-07-16T12.34,0.11.0
https://github.com/mwcraig/scipy2017-jupyter-widgets-tutorial,master,c6f0c41,2018-07-09T15:36:44-07:00,notebook,notebooks/01.00-overview.ipynb,True,github.com/mwcraig/scipy2017-jupyter-widgets-tutorial/logs/test-notebook-notebooks-01.00-overview.ipynb-2020-07-16T12.34.txt,2020-07-16T12:34:40.915102,2020-07-16T12.34,0.11.0
https://github.com/mwcraig/scipy2017-jupyter-widgets-tutorial,master,c6f0c41,2018-07-09T15:36:44-07:00,notebook,notebooks/10.04-ipyleaflet.ipynb,True,github.com/mwcraig/scipy2017-jupyter-widgets-tutorial/logs/test-notebook-notebooks-10.04-ipyleaflet.ipynb-2020-07-16T12.34.txt,2020-07-16T12:34:40.915102,2020-07-16T12.34,0.11.0
https://github.com/mwcraig/scipy2017-jupyter-widgets-tutorial,master,c6f0c41,2018-07-09T15:36:44-07:00,notebook,notebooks/09.02-Widget Events 2 -- Separating Concerns.ipynb,True,github.com/mwcraig/scipy2017-jupyter-widgets-tutorial/logs/test-notebook-notebooks-09.02-Widget Events 2 -- Separating Concerns.ipynb-2020-07-16T12.34.txt,2020-07-16T12:34:40.915102,2020-07-16T12.34,0.11.0
https://github.com/mwcraig/scipy2017-jupyter-widgets-tutorial,master,c6f0c41,2018-07-09T15:36:44-07:00,notebook,notebooks/10.06-widget-library-exercises.ipynb,True,github.com/mwcraig/scipy2017-jupyter-widgets-tutorial/logs/test-notebook-notebooks-10.06-widget-library-exercises.ipynb-2020-07-16T12.34.txt,2020-07-16T12:34:40.915102,2020-07-16T12.34,0.11.0
