repo,ref,resolved_ref,last_modified,kind,test_id,success,path,timestamp,run_id,repo2docker_version
https://github.com/SimonBussy/binacox,master,512ec62,2020-01-10T11:37:07+01:00,build,build,True,github.com/SimonBussy/binacox/logs/build-master-2020-07-14T18.16.txt,2020-07-14T18:16:03.230366,2020-07-14T18.16,0.11.0
https://github.com/SimonBussy/binacox,master,512ec62,2020-01-10T11:37:07+01:00,notebook,tutorial.ipynb,False,github.com/SimonBussy/binacox/logs/test-notebook-tutorial.ipynb-2020-07-14T18.16.txt,2020-07-14T18:16:03.230366,2020-07-14T18.16,0.11.0
https://github.com/SimonBussy/binacox,master,512ec62,2020-01-10T11:37:07+01:00,notebook,tcga/data-viz.ipynb,False,github.com/SimonBussy/binacox/logs/test-notebook-tcga-data-viz.ipynb-2020-07-14T18.16.txt,2020-07-14T18:16:03.230366,2020-07-14T18.16,0.11.0
https://github.com/SimonBussy/binacox,master,512ec62,2020-01-10T11:37:07+01:00,notebook,tcga/results.ipynb,False,github.com/SimonBussy/binacox/logs/test-notebook-tcga-results.ipynb-2020-07-14T18.16.txt,2020-07-14T18:16:03.230366,2020-07-14T18.16,0.11.0
https://github.com/SimonBussy/binacox,master,512ec62,2020-01-10T11:37:07+01:00,notebook,simulations/results.ipynb,False,github.com/SimonBussy/binacox/logs/test-notebook-simulations-results.ipynb-2020-07-14T18.16.txt,2020-07-14T18:16:03.230366,2020-07-14T18.16,0.11.0
https://github.com/SimonBussy/binacox,master,512ec62,2020-01-10T11:37:07+01:00,notebook,simulations/computing_time.ipynb,False,github.com/SimonBussy/binacox/logs/test-notebook-simulations-computing_time.ipynb-2020-07-14T18.16.txt,2020-07-14T18:16:03.230366,2020-07-14T18.16,0.11.0
