repo,ref,resolved_ref,last_modified,kind,test_id,success,path,timestamp,run_id,repo2docker_version
https://github.com/ifiddes/CMPS242-yelp-project,master,f30ba82,2016-12-01T10:21:29-08:00,build,build,True,github.com/ifiddes/CMPS242-yelp-project/logs/build-master-2020-07-14T18.37.txt,2020-07-14T18:37:14.326921,2020-07-14T18.37,0.11.0
https://github.com/ifiddes/CMPS242-yelp-project,master,f30ba82,2016-12-01T10:21:29-08:00,notebook,linear_regression.ipynb,False,github.com/ifiddes/CMPS242-yelp-project/logs/test-notebook-linear_regression.ipynb-2020-07-14T18.37.txt,2020-07-14T18:37:14.326921,2020-07-14T18.37,0.11.0
https://github.com/ifiddes/CMPS242-yelp-project,master,f30ba82,2016-12-01T10:21:29-08:00,notebook,Ground Truth.ipynb,False,github.com/ifiddes/CMPS242-yelp-project/logs/test-notebook-Ground Truth.ipynb-2020-07-14T18.37.txt,2020-07-14T18:37:14.326921,2020-07-14T18.37,0.11.0
https://github.com/ifiddes/CMPS242-yelp-project,master,f30ba82,2016-12-01T10:21:29-08:00,notebook,ordinal_logistic.ipynb,False,github.com/ifiddes/CMPS242-yelp-project/logs/test-notebook-ordinal_logistic.ipynb-2020-07-14T18.37.txt,2020-07-14T18:37:14.326921,2020-07-14T18.37,0.11.0
https://github.com/ifiddes/CMPS242-yelp-project,master,f30ba82,2016-12-01T10:21:29-08:00,notebook,Naive Bayes Plots.ipynb,False,github.com/ifiddes/CMPS242-yelp-project/logs/test-notebook-Naive Bayes Plots.ipynb-2020-07-14T18.37.txt,2020-07-14T18:37:14.326921,2020-07-14T18.37,0.11.0
