repo,ref,resolved_ref,last_modified,kind,test_id,success,path,timestamp,run_id,repo2docker_version
https://github.com/jooooooy/sta663,c54eaa475bbf3486562b0f9f7d4ffcc5a76a1158,c54eaa4,2018-05-02T00:26:09-04:00,build,build,True,github.com/jooooooy/sta663/logs/build-c54eaa475bbf3486562b0f9f7d4ffcc5a76a1158-2020-07-10T13.29.txt,2020-07-10T13:29:40.808903,2020-07-10T13.29,0.11.0
https://github.com/jooooooy/sta663,c54eaa475bbf3486562b0f9f7d4ffcc5a76a1158,c54eaa4,2018-05-02T00:26:09-04:00,notebook,pcABC_PMC.ipynb,False,github.com/jooooooy/sta663/logs/test-notebook-pcABC_PMC.ipynb-2020-07-10T13.29.txt,2020-07-10T13:29:40.808903,2020-07-10T13.29,0.11.0
https://github.com/jooooooy/sta663,c54eaa475bbf3486562b0f9f7d4ffcc5a76a1158,c54eaa4,2018-05-02T00:26:09-04:00,notebook,house-Main_coupled.ipynb,False,github.com/jooooooy/sta663/logs/test-notebook-house-Main_coupled.ipynb-2020-07-10T13.29.txt,2020-07-10T13:29:40.808903,2020-07-10T13.29,0.11.0
https://github.com/jooooooy/sta663,c54eaa475bbf3486562b0f9f7d4ffcc5a76a1158,c54eaa4,2018-05-02T00:26:09-04:00,notebook,bern-SIRC.ipynb,False,github.com/jooooooy/sta663/logs/test-notebook-bern-SIRC.ipynb-2020-07-10T13.29.txt,2020-07-10T13:29:40.808903,2020-07-10T13.29,0.11.0
https://github.com/jooooooy/sta663,c54eaa475bbf3486562b0f9f7d4ffcc5a76a1158,c54eaa4,2018-05-02T00:26:09-04:00,notebook,debug (1).ipynb,False,github.com/jooooooy/sta663/logs/test-notebook-debug (1).ipynb-2020-07-10T13.29.txt,2020-07-10T13:29:40.808903,2020-07-10T13.29,0.11.0
https://github.com/jooooooy/sta663,c54eaa475bbf3486562b0f9f7d4ffcc5a76a1158,c54eaa4,2018-05-02T00:26:09-04:00,notebook,coupled-homo_SIR_run_F.ipynb,False,github.com/jooooooy/sta663/logs/test-notebook-coupled-homo_SIR_run_F.ipynb-2020-07-10T13.29.txt,2020-07-10T13:29:40.808903,2020-07-10T13.29,0.11.0
