repo,ref,resolved_ref,last_modified,kind,test_id,success,path,timestamp,run_id,repo2docker_version
https://github.com/JuliaAcademy/DataScience,master,86f20ec,2020-06-08T15:51:26-05:00,build,build,True,github.com/JuliaAcademy/DataScience/logs/build-master-2020-07-07T11.26.txt,2020-07-07T11:26:50.441971,2020-07-07T11.26,0.11.0
https://github.com/JuliaAcademy/DataScience,master,86f20ec,2020-06-08T15:51:26-05:00,notebook,05. Clustering.ipynb,False,github.com/JuliaAcademy/DataScience/logs/test-notebook-05. Clustering.ipynb-2020-07-07T11.26.txt,2020-07-07T11:26:50.441971,2020-07-07T11.26,0.11.0
https://github.com/JuliaAcademy/DataScience,master,86f20ec,2020-06-08T15:51:26-05:00,notebook,04. Dimensionality Reduction.ipynb,False,github.com/JuliaAcademy/DataScience/logs/test-notebook-04. Dimensionality Reduction.ipynb-2020-07-07T11.26.txt,2020-07-07T11:26:50.441971,2020-07-07T11.26,0.11.0
https://github.com/JuliaAcademy/DataScience,master,86f20ec,2020-06-08T15:51:26-05:00,notebook,01. Data.ipynb,False,github.com/JuliaAcademy/DataScience/logs/test-notebook-01. Data.ipynb-2020-07-07T11.26.txt,2020-07-07T11:26:50.441971,2020-07-07T11.26,0.11.0
https://github.com/JuliaAcademy/DataScience,master,86f20ec,2020-06-08T15:51:26-05:00,notebook,10. Neural Nets.ipynb,False,github.com/JuliaAcademy/DataScience/logs/test-notebook-10. Neural Nets.ipynb-2020-07-07T11.26.txt,2020-07-07T11:26:50.441971,2020-07-07T11.26,0.11.0
https://github.com/JuliaAcademy/DataScience,master,86f20ec,2020-06-08T15:51:26-05:00,notebook,03. Statistics.ipynb,False,github.com/JuliaAcademy/DataScience/logs/test-notebook-03. Statistics.ipynb-2020-07-07T11.26.txt,2020-07-07T11:26:50.441971,2020-07-07T11.26,0.11.0
