repo,ref,resolved_ref,last_modified,kind,test_id,success,path,timestamp,run_id,repo2docker_version
https://github.com/elhanarinc/deeplearning,master,f71c2c7,2017-06-05T11:04:32+03:00,build,build,True,github.com/elhanarinc/deeplearning/logs/build-master-2020-07-15T13.10.txt,2020-07-15T13:10:22.690123,2020-07-15T13.10,0.11.0
https://github.com/elhanarinc/deeplearning,master,f71c2c7,2017-06-05T11:04:32+03:00,notebook,hw1/task2_svm.ipynb,False,github.com/elhanarinc/deeplearning/logs/test-notebook-hw1-task2_svm.ipynb-2020-07-15T13.10.txt,2020-07-15T13:10:22.690123,2020-07-15T13.10,0.11.0
https://github.com/elhanarinc/deeplearning,master,f71c2c7,2017-06-05T11:04:32+03:00,notebook,hw1/task6_features.ipynb,False,github.com/elhanarinc/deeplearning/logs/test-notebook-hw1-task6_features.ipynb-2020-07-15T13.10.txt,2020-07-15T13:10:22.690123,2020-07-15T13.10,0.11.0
https://github.com/elhanarinc/deeplearning,master,f71c2c7,2017-06-05T11:04:32+03:00,notebook,hw1/task4_two_layer_net.ipynb,False,github.com/elhanarinc/deeplearning/logs/test-notebook-hw1-task4_two_layer_net.ipynb-2020-07-15T13.10.txt,2020-07-15T13:10:22.690123,2020-07-15T13.10,0.11.0
https://github.com/elhanarinc/deeplearning,master,f71c2c7,2017-06-05T11:04:32+03:00,notebook,hw1/task3_softmax.ipynb,False,github.com/elhanarinc/deeplearning/logs/test-notebook-hw1-task3_softmax.ipynb-2020-07-15T13.10.txt,2020-07-15T13:10:22.690123,2020-07-15T13.10,0.11.0
https://github.com/elhanarinc/deeplearning,master,f71c2c7,2017-06-05T11:04:32+03:00,notebook,hw1/task1_knn.ipynb,False,github.com/elhanarinc/deeplearning/logs/test-notebook-hw1-task1_knn.ipynb-2020-07-15T13.10.txt,2020-07-15T13:10:22.690123,2020-07-15T13.10,0.11.0
