repo,ref,resolved_ref,last_modified,kind,test_id,success,path,timestamp,run_id,repo2docker_version
https://github.com/datavistics/datavizrequests,master,9c6ee6e,2017-11-24T16:15:04+04:00,build,build,True,github.com/datavistics/datavizrequests/logs/build-master-2020-07-16T13.10.txt,2020-07-16T13:10:35.849705,2020-07-16T13.10,0.11.0
https://github.com/datavistics/datavizrequests,master,9c6ee6e,2017-11-24T16:15:04+04:00,notebook,Community Impact and Opportunity/src/eda.ipynb,False,github.com/datavistics/datavizrequests/logs/test-notebook-Community Impact and Opportunity-src-eda.ipynb-2020-07-16T13.10.txt,2020-07-16T13:10:35.849705,2020-07-16T13.10,0.11.0
https://github.com/datavistics/datavizrequests,master,9c6ee6e,2017-11-24T16:15:04+04:00,notebook,Community Impact and Opportunity/src/Zip Code to Census Tract.ipynb,False,github.com/datavistics/datavizrequests/logs/test-notebook-Community Impact and Opportunity-src-Zip Code to Census Tract.ipynb-2020-07-16T13.10.txt,2020-07-16T13:10:35.849705,2020-07-16T13.10,0.11.0
https://github.com/datavistics/datavizrequests,master,9c6ee6e,2017-11-24T16:15:04+04:00,notebook,Community Impact and Opportunity/src/Mapping.ipynb,False,github.com/datavistics/datavizrequests/logs/test-notebook-Community Impact and Opportunity-src-Mapping.ipynb-2020-07-16T13.10.txt,2020-07-16T13:10:35.849705,2020-07-16T13.10,0.11.0
https://github.com/datavistics/datavizrequests,master,9c6ee6e,2017-11-24T16:15:04+04:00,notebook,Internet Speed Test Visualization/src/get_and_clean_data.ipynb,False,github.com/datavistics/datavizrequests/logs/test-notebook-Internet Speed Test Visualization-src-get_and_clean_data.ipynb-2020-07-16T13.10.txt,2020-07-16T13:10:35.849705,2020-07-16T13.10,0.11.0
https://github.com/datavistics/datavizrequests,master,9c6ee6e,2017-11-24T16:15:04+04:00,notebook,Internet Speed Test Visualization/src/internet_speed_test.ipynb,False,github.com/datavistics/datavizrequests/logs/test-notebook-Internet Speed Test Visualization-src-internet_speed_test.ipynb-2020-07-16T13.10.txt,2020-07-16T13:10:35.849705,2020-07-16T13.10,0.11.0
