repo,ref,resolved_ref,last_modified,kind,test_id,success,path,timestamp,run_id,repo2docker_version
https://github.com/uwescience/DSSG2016-SensingTheCensus,master,b599145,2016-09-20T20:01:20-04:00,build,build,True,github.com/uwescience/DSSG2016-SensingTheCensus/logs/build-master-2020-07-15T13.24.txt,2020-07-15T13:24:45.851864,2020-07-15T13.24,0.11.0
https://github.com/uwescience/DSSG2016-SensingTheCensus,master,b599145,2016-09-20T20:01:20-04:00,notebook,src/notebooks/extract-osm-buildings.ipynb,False,github.com/uwescience/DSSG2016-SensingTheCensus/logs/test-notebook-src-notebooks-extract-osm-buildings.ipynb-2020-07-15T13.24.txt,2020-07-15T13:24:45.851864,2020-07-15T13.24,0.11.0
https://github.com/uwescience/DSSG2016-SensingTheCensus,master,b599145,2016-09-20T20:01:20-04:00,notebook,src/notebooks/2016-06-29-cdr-drawing-graphs.ipynb,False,github.com/uwescience/DSSG2016-SensingTheCensus/logs/test-notebook-src-notebooks-2016-06-29-cdr-drawing-graphs.ipynb-2020-07-15T13.24.txt,2020-07-15T13:24:45.851864,2020-07-15T13.24,0.11.0
https://github.com/uwescience/DSSG2016-SensingTheCensus,master,b599145,2016-09-20T20:01:20-04:00,notebook,src/notebooks/2016-09-17_Time_Signature.ipynb,False,github.com/uwescience/DSSG2016-SensingTheCensus/logs/test-notebook-src-notebooks-2016-09-17_Time_Signature.ipynb-2020-07-15T13.24.txt,2020-07-15T13:24:45.851864,2020-07-15T13.24,0.11.0
https://github.com/uwescience/DSSG2016-SensingTheCensus,master,b599145,2016-09-20T20:01:20-04:00,notebook,src/notebooks/extract-osm-public-transport.ipynb,False,github.com/uwescience/DSSG2016-SensingTheCensus/logs/test-notebook-src-notebooks-extract-osm-public-transport.ipynb-2020-07-15T13.24.txt,2020-07-15T13:24:45.851864,2020-07-15T13.24,0.11.0
https://github.com/uwescience/DSSG2016-SensingTheCensus,master,b599145,2016-09-20T20:01:20-04:00,notebook,src/notebooks/2016-07-01-MI-to-MI-CDR.ipynb,False,github.com/uwescience/DSSG2016-SensingTheCensus/logs/test-notebook-src-notebooks-2016-07-01-MI-to-MI-CDR.ipynb-2020-07-15T13.24.txt,2020-07-15T13:24:45.851864,2020-07-15T13.24,0.11.0
